C1	Main	C1	Main
C1	A	C1	A
C1	B	C1	B
C11	C	C11	C
C12	C	C12	C
C111	D	C111	D
C2	E	C2	E
C2	F	C2	F
C21	E	C21	E
C21	F	C21	F
C21	G	C21	G
C3	H	C3	H
C3	I	C3	I
C3	J	C3	J
C31	K	C31	K
C31	L	C31	L
C32	M	C32	M
C32	N	C32	N
C321	M	C321	M
C321	N	C321	N
C321	O	C321	O
C3211	N	C3211	N
C3211	O	C3211	O
C3211	P	C3211	P
C4	A	C4	A
C4	B	C4	B
C41	B	C41	B
C41	R	C41	R
C11	Main	C1	Main
C11	A	C1	A
C11	B	C1	B
C12	Main	C1	Main
C12	A	C1	A
C12	B	C1	B
C111	C	C11	C
C211	E	C21	E
C211	F	C21	F
C211	G	C21	G
C31	J	C3	J
C31	H	C3	H
C31	I	C3	I
C32	J	C3	J
C32	H	C3	H
C32	I	C3	I
C3211	M	C321	M
C41	A	C4	A
C111	Main	C1	Main
C111	A	C1	A
C111	B	C1	B
C321	J	C3	J
C321	H	C3	H
C321	I	C3	I
C3211	J	C3	J
C3211	H	C3	H
C3211	I	C3	I
